{
  "version": 1,
  "author": "Anonymous maker",
  "editor": "wokwi",
  "parts": [
    {
      "type": "board-esp32-s3-devkitc-1",
      "id": "esp",
      "top": -9.78,
      "left": 186.97,
      "attrs": { "env": "micropython-20231227-v1.22.0", "flashSize": "8" }
    },
    { "type": "wokwi-dht22", "id": "dht1", "top": -66.9, "left": -111, "attrs": {} },
    {
      "type": "board-ssd1306",
      "id": "oled1",
      "top": 204.74,
      "left": -191.77,
      "attrs": { "i2cAddress": "0x3c" }
    },
    {
      "type": "wokwi-pushbutton",
      "id": "btn1",
      "top": 111.8,
      "left": 412.8,
      "attrs": { "color": "green", "xray": "1" }
    }
  ],
  "connections": [
    [ "esp:TX", "$serialMonitor:RX", "", [] ],
    [ "esp:RX", "$serialMonitor:TX", "", [] ],
    [ "esp:4", "dht1:SDA", "green", [ "h-172.85", "v48", "h0" ] ],
    [ "esp:8", "oled1:SDA", "green", [ "h0" ] ],
    [ "esp:9", "oled1:SCL", "green", [ "h0" ] ],
    [ "esp:5V", "oled1:VCC", "red", [ "h-220.85", "v-38.4", "h-115.2" ] ],
    [ "esp:GND.1", "oled1:GND", "black", [ "h-240.05", "v-86.4", "h-105.6", "v0" ] ],
    [ "esp:5V", "dht1:VCC", "red", [ "h0" ] ],
    [ "esp:GND.1", "dht1:GND", "black", [ "h0" ] ],
    [ "btn1:2.l", "esp:0", "green", [ "h0" ] ],
    [ "btn1:1.l", "esp:GND.4", "green", [ "h-28.8", "v67.2" ] ]
  ],
  "dependencies": {}
}